temperature,date,version,ID,length,clutch no,
8,6/29/2016,1,2G.1.1,877.835,,
8,6/29/2016,1,1K.1.2,863.541,,
8,07/04/2016,2,2N1.1,760.996,,
8,07/05/2016,2,L,684.449,,
8,07/05/2016,2,A,664.756,,
8,07/06/2016,2,E,615.529,,
8,07/06/2016,2,F,1042.315,,
8,07/06/2016,2,B,820.717,,
8,07/18/2016,1,1B13,1829.989,1,
8,07/18/2016,1,B.2.1.1,615.005,1,
8,07/18/2016,1,B.2.1.2,620.068,1,
8,07/18/2016,1,B.2.1.3,588.383,1,
8,07/18/2016,1,1A13,2029.284,1,
8,07/18/2016,1,A.2.1.1,656.899,1,
8,07/18/2016,1,A.2.1.2,657.188,1,
8,07/18/2016,1,A.2.1.3,645.608,1,
8,07/18/2016,1,1C11,1934.269,1,
8,07/18/2016,1,C.2.1.1,616.166,1,
8,07/18/2016,1,C.2.1.2,612.588,1,
8,07/18/2016,1,C.2.1.3,593.647,1,
8,07/19/2016,1,1F11,1980.772,1,
8,07/19/2016,1,F.2.1.1,679.519,1,
8,07/19/2016,1,F.2.1.2,663.825,1,
8,07/19/2016,1,F.2.1.3,680.365,1,
8,07/24/2016,1,1C11,2162.526,2,
8,07/25/2016,1,1B13,1835.768,2,
8,07/27/2016,1,2A13,2058.789,2,
8,07/28/2016,1,1F11,2160.09,2,
8,07/28/2016,2,F,2048.017,1,
8,07/28/2016,2,F.1.A,634.878,1,
8,07/28/2016,2,F.1.B,631.837,1,
8,07/28/2016,2,F.1.C,638.993,1,
8,08/02/2016,1,1C11,2218.595,3,
8,08/03/2016,1,B13,2029.782,3,
8,08/04/2016,2,E,1839.887,1,
8,08/04/2016,2,E.1.A,600.859,1,
8,08/04/2016,2,E.1.B,596.81,1,
8,08/04/2016,2,E.1.C,558.522,1,
8,08/05/2016,1,2A13,2235.138,3,
8,08/08/2016,2,F,2185.218,2,
8,08/08/2016,1,1F1.1,2281.256,3,
8,08/12/2016,1,B,2156.358,4,
8,08/12/2016,1,B.4.A,651.464,4,
8,08/12/2016,1,B.4.B,567.754,4,
8,08/12/2016,1,B.4.C,583.683,4,
8,08/13/2016,2,E,2048.905,2,
8,08/15/2016,1,2A13,2355.281,4,
8,08/15/2016,1,2A13.4.A,574.927,4,
8,08/15/2016,1,2A13.4.B,618.777,4,
8,08/15/2016,1,2A13.4.C,596.707,4,
8,08/16/2016,1,1F11.4.A,647.6,4,
8,08/16/2016,1,1F11.4.B,676.82,4,
8,08/16/2016,1,1F11.4.C,599.552,4,
8,08/16/2016,1,1F11,2410.065,4,
12,5/31/2016,2,D6,1842.845,,
12,6/1/2016,2,D6,1743.397,,
12,6/1/2016,2,D5,1808.494,,
12,6/1/2016,2,D4,1606.96,,
12,6/1/2016,2,D3,1745.779,,
12,6/1/2016,2,D2,1688.621,,
12,6/1/2016,2,D1,1864.301,,
12,6/1/2016,2,C6,2086.962,,
12,6/1/2016,2,C5,1923.217,,
12,6/1/2016,2,C4,1732.204,,
12,6/1/2016,2,C3,1483.925,,
12,6/1/2016,2,C1,1654.417,,
12,6/1/2016,2,B6,1802.336,,
12,6/1/2016,2,B5,1792.281,,
12,6/1/2016,2,B4,1787.212,,
12,6/1/2016,2,B3,1487.878,,
12,6/1/2016,2,B2,1309.28,,
12,6/1/2016,2,B1,1905.407,,
12,6/1/2016,2,A6,2049.283,,
12,6/1/2016,2,A5,1966.068,,
12,6/29/2016,1,2G.1.2,861.245,,
12,6/29/2016,1,1K.1.1,853.198,,
12,07/04/2016,1,2N1.2,728.923,,
12,07/05/2016,2,L,692.729,,
12,07/05/2016,2,A,684.041,,
12,07/06/2016,2,E,671.491,,
12,07/06/2016,2,F,990.349,,
12,07/06/2016,2,B,585.788,,
12,07/11/2016,1,1C14,1862.472,1,
12,07/11/2016,1,C.2.1.1,600.772,1,
12,07/11/2016,1,C.2.1.2,584.411,1,
12,07/11/2016,1,C.2.1.3,608.068,1,
12,07/12/2016,1,1F12,1926.266,,
12,07/12/2016,1,F.2.1.1,633.476,,
12,07/12/2016,1,F.2.1.2,597.718,,
12,07/12/2016,1,F.2.1.3,625.014,,
12,07/13/2016,1,1C14,1847.886,,
12,07/13/2016,2,2.E.1.1,2207.028,,
12,07/13/2016,2,E.2.2.1,662.234,,
12,07/13/2016,2,E.2.2.2,685.619,,
12,07/13/2016,2,E.2.2.3,680.682,,
12,07/13/2016,1,1F12,1936.597,1,
12,07/13/2016,1,F.2.1.1,847.319,1,
12,07/13/2016,1,F.2.1.2,796.312,1,
12,07/13/2016,1,F.2.1.3,825.79,1,
12,07/17/2016,2,K,740.783,,INITIAL SIZE
12,07/17/2016,1,1C14,2009.538,,
12,07/17/2016,1,1F12,2100.778,,
12,07/17/2016,2,G,916.6,,INITIAL SIZE
12,07/18/2016,1.00E+00,2E1.1,2269.481,3,
12,07/18/2016,2,N,1877.499,1,
12,07/18/2016,2,N.1.A,596.707,1,
12,07/18/2016,2,N.1.B,585.338,1,
12,07/18/2016,2,N.1.C,580.719,1,
12,07/18/2016,1,2G12,2152.306,1,
12,07/18/2016,1,G.2.1.1,692.931,1,
12,07/18/2016,1,G.2.1.2,707.86,1,
12,07/18/2016,1,G.2.1.3,725.096,1,
12,07/20/2016,2,F,2014.199,1,
12,07/20/2016,2,F.1.A,657.562,1,
12,07/20/2016,2,F.1.B,628.764,1,
12,07/20/2016,2,F.1.C,669.489,1,
12,07/21/2016,2,E,1884.591,1,
12,07/21/2016,2,E.1.A,621.395,1,
12,07/21/2016,2,E.1.B,598.341,1,
12,07/21/2016,2,E.1.C,541.774,1,
12,07/21/2016,1,1C14,1934.179,3,
12,07/21/2016,1,2G12,2280.755,2,
12,07/22/2016,1,1F12,2254.639,3,
12,07/23/2016,1,1C14,2187.925,4,
12,07/23/2016,1,C.4.A,646.013,4,
12,07/23/2016,1,C.4.B,711.984,4,
12,07/23/2016,1,C.4.C,667.56,4,
12,07/23/2016,1.00E+00,2E1.1,2254.587,4,
12,07/23/2016,1,2E.4.A,634.466,4,
12,07/23/2016,1,2E.4.B,597.594,4,
12,07/23/2016,1,2E.4.C,608.781,4,
12,07/23/2016,2,N,2024.381,2,
12,07/25/2016,2,F,2185.278,2,
12,07/25/2016,2,A,1856.525,1,
12,07/25/2016,2,A.1.A,603.114,1,
12,07/25/2016,2,A.1.B,608.394,1,
12,07/25/2016,2,A.1.C,633.256,1,
12,07/27/2016,2,E,2016.739,2,
12,07/28/2016,2,N,2002.256,3,
12,07/28/2016,1,2G12,2264.684,3,
12,07/29/2016,2,N,2135.284,4,
12,07/29/2016,2,N.4.A,576.709,4,
12,07/29/2016,2,N.4.B,550.443,4,
12,07/29/2016,2,N.4.C,586.899,4,
12,08/01/2016,2,E,2029.892,3,
12,08/01/2016,2,G,2171,1,
12,08/01/2016,2,G.1.A,609.296,1,
12,08/01/2016,2,G.1.B,554.796,1,
12,08/01/2016,2,G.1.C,604.745,1,
12,08/05/2016,2,F,2508.98,3,
12,08/08/2016,2,E,2417.794,4,
12,08/08/2016,2,E.4.A,673.564,4,
12,08/08/2016,2,E.4.B,622.467,4,
12,08/08/2016,2,E.4.C,584.966,4,
12,08/08/2016,1,2G1.2,2664.267,4,
12,08/08/2016,1,G.4.A,719.082,4,
12,08/08/2016,1,G.4.B,747.211,4,
12,08/08/2016,1,G.4.C,591.131,4,
12,08/11/2016,2,F,2647.543,4,
12,08/11/2016,2,F.4.A,616.785,4,
12,08/11/2016,2,F.4.B,695.51,4,
12,08/11/2016,2,F.4.C,637.098,4,
16,5/31/2016,2,D6,1778.141,,
16,5/31/2016,2,D5,1886.954,,
16,5/31/2016,2,D4,1668.549,,
16,5/31/2016,2,D3,2047.91,,
16,5/31/2016,2,D2,1840.235,,
16,5/31/2016,2,D1,1925.291,,
16,5/31/2016,2,C6,2138.847,,
16,5/31/2016,2,C5,1977.008,,
16,5/31/2016,2,C4,1709.562,,
16,5/31/2016,2,C3,1933.621,,
16,5/31/2016,2,C1,1986.318,,
16,6/29/2016,1,2G.1.3,844.127,,
16,6/29/2016,1,1K.1.3,884.125,,
16,07/01/2016,2,E.2.1.6,600.975,,
16,07/01/2016,2,E.2.1.5,635.235,,
16,07/01/2016,2,E.2.1.4,590.512,,
16,07/01/2016,2,E.2.1.3,586.205,,
16,07/01/2016,2,E.2.1.2,617.579,,
16,07/01/2016,2,E.2.1.1,620.658,,
16,07/01/2016,2,2E.1.5,1980.836,,
16,07/03/2016,2,C.2.1.3,592,,
16,07/03/2016,2,C.2.1.2,632.333,,
16,07/03/2016,2,C.2.1.1,644.037,,
16,07/03/2016,2,1C.1.5,1899.568,,
16,07/03/2016,2,A.2.1.3,665.392,,
16,07/03/2016,2,A.2.1.2,588.975,,
16,07/03/2016,2,A.2.1.1,597.496,,
16,07/03/2016,2,2.A.1.1,2101.997,,
16,07/03/2016,2,B.2.1.4,591.673,,
16,07/03/2016,2,B.2.1.3,594.776,,
16,07/03/2016,2,B.2.1.2,580.419,,
16,07/03/2016,2,B.2.1.1,577.91,,
16,07/03/2016,1,2B.1.2,1856.937,,
16,07/04/2016,2,E.2.2.3,623.925,,
16,07/04/2016,2,E.2.2.2,658.076,,
16,07/04/2016,2,E.2.2.1,651.788,,
16,07/04/2016,2,2.E.1.5,2084.029,,
16,07/04/2016,1,2N1.3,753.614,,
16,07/05/2016,2,L,654.777,,
16,07/05/2016,2,A,718.791,,
16,07/06/2016,2,C2.2.3,594.318,2,
16,07/06/2016,2,C2.2.2,600.859,2,
16,07/06/2016,2,C2.2.2,594.952,2,
16,07/06/2016,1,1C15,2064.684,2,
16,07/06/2016,2,F2.1.2,657.085,1,
16,07/06/2016,2,F2.1.1,637.847,1,
16,07/06/2016,1,1F15,1965.465,1,
16,07/06/2016,2,A2.2.3,575.181,2,
16,07/06/2016,2,A2.2.2,623.181,2,
16,07/06/2016,2,A2.2.1,617.35,2,
16,07/06/2016,2,2A11,2206.016,2,
16,07/06/2016,1,B2.2.3,647.25,2,
16,07/06/2016,1,B2.2.2,628.559,2,
16,07/06/2016,1,B2.2.1,641.732,2,
16,07/06/2016,1,2B12,1969.417,2,
16,07/06/2016,2,E,669.648,,
16,07/06/2016,2,F,905.66,,
16,07/06/2016,2,B,738.423,,
16,07/07/2016,1,E.2.3.1,609.396,3,
16,07/07/2016,1.00E+00,2E.15,2230.501,3,
16,07/07/2016,1,E.2.3.2,615.827,3,
16,07/07/2016,1,E2.3.3,581.844,3,
16,07/09/2016,1,B.2.3.3,579.908,3,
16,07/09/2016,1,B.2.3.2,584.22,3,
16,07/09/2016,1,B2.3.1,633.067,3,
16,07/09/2016,1,2.B.1.2,2144.232,3,
16,07/09/2016,1,F.2.1.3,658.175,1,
16,07/09/2016,1,F.2.1.2,644.527,1,
16,07/09/2016,1,F.2.1.1,646.266,1,
16,07/09/2016,1,1F15,2191.776,,
16,07/10/2016,1,2A11,2390.472,,
16,07/10/2016,1,A.2.2.1,630.166,2,
16,07/10/2016,1,A.2.2.2,655.468,2,
16,07/10/2016,1,A.2.2.3,618.422,2,
16,07/10/2016,1,1C15,2192.099,2,
16,07/10/2016,1,C.2.2.1,658.817,2,
16,07/10/2016,1,C.2.2.2,658.251,2,
16,07/10/2016,1,C.2.2.3,695.463,2,
16,07/11/2016,1.00E+00,2.E.15,2311.628,4,
16,07/11/2016,1,E.2.4.1,701.257,4,
16,07/11/2016,1,E.2.4.2,685.629,4,
16,07/11/2016,1,E.2.4.3,654.64,4,
16,07/13/2016,1,A.2.3.1,695.927,3,
16,07/13/2016,1,A.2.3.2,692.106,3,
16,07/13/2016,1,A.2.3.3,708.61,3,
16,07/13/2016,1,1B12,2196.226,4,
16,07/13/2016,1,B.2.4.1,629.931,4,
16,07/13/2016,1,B.2.4.2,555.957,4,
16,07/13/2016,1,B.2.4.3,649.615,4,
16,07/14/2016,1,1C15,2283.104,3,
16,07/14/2016,1,C.2.3.1,810.09,3,
16,07/14/2016,1,C.2.3.2,824.84,3,
16,07/14/2016,1,C.2.3.3,845.048,3,
16,07/14/2016,1,1F15,2305.738,2,
16,07/14/2016,1,F.2.2.1,797.261,2,
16,07/14/2016,1,F.2.2.2,762.738,2,
16,07/14/2016,1,F.2.2.3,839.593,2,
16,07/15/2016,2,F.1.A,597.641,1,
16,07/15/2016,2,F.1.B,614.484,1,
16,07/15/2016,2,F.1.C,635.273,1,
16,07/15/2016,2,F,1893.846,1,
16,07/17/2016,2,K,752.465,,INITIAL SIZE
16,07/17/2016,2,B,1998.19,1,
16,07/17/2016,2,B.1.A,621.255,1,
16,07/17/2016,2,B.1.B,606.917,1,
16,07/17/2016,2,E,1826.634,1,
16,07/17/2016,2,E.1.A,573.257,1,
16,07/17/2016,2,E.1.B,560.446,1,
16,07/17/2016,2,E.1.C,542.123,1,
16,07/17/2016,1,2A11,2526.148,4,
16,07/17/2016,1,A.2.4.3,696.268,4,
16,07/17/2016,1,A.2.4.2,711.785,4,
16,07/17/2016,1,A.2.4.1,691.993,4,
16,07/17/2016,2,G,891.702,,INITIAL SIZE
16,07/18/2016,1,C.2.4.1,767.706,4,
16,07/18/2016,1,C.2.4.2,675.97,4,
16,07/18/2016,1,C.2.4.3,698.062,4,
16,07/18/2016,1,1C15,2320.526,4,
16,07/18/2016,2,F,2120.869,2,
16,07/19/2016,2,N,2386.327,1,
16,07/19/2016,2,N.1.A,626.351,1,
16,07/19/2016,2,N.1.B,650.443,1,
16,07/19/2016,2,A,2011.869,1,
16,07/19/2016,2,A.1.A,669.32,1,
16,07/19/2016,2,A.1.B,624.665,1,
16,07/19/2016,2,F,2118.573,4,
16,07/20/2016,2,B,2191.355,2,
16,07/20/2016,2,E,1969.135,2,
16,07/20/2016,1,1F15,2517.36,3,
16,07/22/2016,1,2G13,2520.03,1,
16,07/22/2016,1,G.1.1.1,711.479,1,
16,07/22/2016,1,G.1.1.2,718.503,1,
16,07/22/2016,1,G.1.1.3,690.587,1,
16,07/22/2016,1,1K13,2488.822,1,
16,07/22/2016,1,K.1.1.1,627.619,1,
16,07/22/2016,1,K.1.1.2,631.309,1,
16,07/22/2016,1,K.1.1.3,605.105,1,
16,07/23/2016,2,N,2564.148,2,
16,07/23/2016,2,E,2202.931,3,
16,07/24/2016,1,1F15,2668.49,4,
16,07/24/2016,1,1F.4.A,645.186,4,
16,07/24/2016,1,1F.4.B,639.61,4,
16,07/24/2016,1,1F.4.C,652.156,4,
16,07/28/2016,2,G,2235.283,1,
16,07/28/2016,2,G.1.A,518.713,1,
16,08/01/2016,2,E,2431.284,4,
16,08/01/2016,2,E.4.A,620.044,4,
16,08/01/2016,2,E.4.B,653.734,4,
16,08/01/2016,2,E.4.C,607.132,4,
16,08/01/2016,2,A,2415.014,2,
16,08/01/2016,2,N,2751.911,3,
16,08/02/2016,1,2G13,2637.805,4,
16,08/02/2016,1,G.2.4.A,668.743,4,
16,08/02/2016,1,G.2.4.B,684.101,4,
16,08/02/2016,1,G.2.4.C,663.986,4,
16,08/02/2016,1,1K13,2929.735,2,
16,08/04/2016,2,N,2762.431,4,
16,08/04/2016,2,N.4.A,667.641,4,
16,08/04/2016,2,N.4.B,689.156,4,
16,08/04/2016,2,N.4.C,679.182,4,
16,08/05/2016,2,G,2558.912,2,
16,08/12/2016,2,K.3.A,635.437,3,
16,08/12/2016,2,K.3.B,649.216,3,
16,08/12/2016,2,K,2357.156,3,
16,08/12/2016,2,K.3.C,577.374,3,
16,08/12/2016,2,B,2896.866,3,
16,08/12/2016,2,A,2755.235,3,
20,5/31/2016,2,C6,1758.513,,
20,5/31/2016,2,C5,1766.005,,
20,5/31/2016,2,C4,1827.279,,
20,5/31/2016,2,C3,1889.428,,
20,5/31/2016,2,C1,1940.886,,
20,5/31/2016,2,B6,1601.733,,
20,5/31/2016,2,B5,1570.362,,
20,5/31/2016,2,B4,1728.019,,
20,5/31/2016,2,B3,1989.374,,
20,5/31/2016,2,B2,2417.035,,
20,5/31/2016,2,D6,1539.805,,
20,5/31/2016,2,D5,1582.234,,
20,5/31/2016,2,D4,1592.731,,
20,5/31/2016,2,D3,1880.43,,
20,5/31/2016,2,D2,1900.338,,
20,5/31/2016,2,D1,1658.354,,
20,5/31/2016,2,A6,1676.044,,
20,5/31/2016,2,A5,1276.494,,
20,6/29/2016,1,2G.1.4,828.517,,
20,6/29/2016,1,1K.1.4,871.975,,
20,6/29/2016,2,B.2.1.4,647.98,,
20,6/29/2016,2,B.2.1.3,666.475,,
20,6/29/2016,2,B.2.1.2,652.289,,
20,6/29/2016,2,B.2.1.1,642.628,,
20,6/29/2016,1,2B1.1,2005.013,,
20,6/29/2016,2,E.2.1.4,758.176,,
20,6/29/2016,2,E.2.1.3,713.278,,
20,6/29/2016,2,E.2.1.2,752.279,,
20,6/29/2016,2,E.2.1.1,744.257,,
20,6/30/2016,2,A.2.2.6,688.217,,
20,6/30/2016,2,A.2.2.2,755.859,,
20,6/30/2016,2,A.2.2.5,704.53,,
20,6/30/2016,2,A.2.2.4,698.751,,
20,6/30/2016,2,A.2.2.3,730.473,,
20,6/30/2016,2,A.2.2.1,717.763,,
20,6/30/2016,1,2A.1.2,2144.972,,
20,07/01/2016,2,E.2.2.3,718.746,,
20,07/01/2016,2,E.2.2.2,711.984,,
20,07/01/2016,2,E.2.2.1,706.689,,
20,07/01/2016,1,2E.1.2,1885.448,,
20,07/01/2016,2,C.2.1.6,301,,
20,07/01/2016,2,C.2.1.5,625.502,,
20,07/01/2016,2,C.2.1.4,632.65,,
20,07/01/2016,2,C2.1.3,606.971,,
20,07/01/2016,2,C.2.1.2,616.721,,
20,07/01/2016,2,C.2.1.1,629.339,,
20,07/01/2016,1,1C.1.2,1888.016,,
20,07/01/2016,2,B.2.2.3,684.14,,
20,07/01/2016,2,B.2.2.2,653.571,,
20,07/01/2016,2,B.2.2.1,696.44,,
20,07/01/2016,1,2B.1.1,2228.164,,
20,07/02/2016,2,A.2.3.3,668.264,,
20,07/02/2016,2,A.2.3.2,691.35,,
20,07/02/2016,2,A.2.3.1,683.796,,
20,07/02/2016,1,2A.1.2,2331.409,,
20,07/03/2016,2,C.2.2.3,657.546,,
20,07/03/2016,2,C.2.2.2,604.947,,
20,07/03/2016,2,C.2.2.1,614.75,,
20,07/03/2016,1,1.C.1.2,2032.059,,
20,07/03/2016,2,E.2.3.3,678.951,,
20,07/03/2016,2,E.2.3.2,681.641,,
20,07/03/2016,2,E.2.3.1,696.503,,
20,07/03/2016,2,2.E.1.2,2061.269,,
20,07/03/2016,2,B.2.3.3,676.839,,
20,07/03/2016,2,B.2.3.2,629.45,,
20,07/03/2016,2,B.2.3.1,621.448,,
20,07/03/2016,1,2B.1.1,2259.252,,
20,07/04/2016,2,F.2.2.3,699.624,,
20,07/04/2016,2,F.2.2.1,575.473,,
20,07/04/2016,2,F.2.2.2,684.13,,
20,07/04/2016,2,1.F.1.4,1893.947,,
20,07/04/2016,1,2N1.4,750.879,,
20,07/05/2016,2,L,694.335,,
20,07/05/2016,2,A,687.016,,
20,07/06/2016,2,B2.4.3,592.133,4,
20,07/06/2016,2,B2.4.2,586.242,4,
20,07/06/2016,2,B2.4.1,586.899,4,
20,07/06/2016,2,C2.3.3,562.096,3,
20,07/06/2016,2,C2.3.2,566.144,3,
20,07/06/2016,2,C2.3.1,591.209,3,
20,07/06/2016,2,E2.4.3,645.608,4,
20,07/06/2016,2,E2.4.2,645.254,4,
20,07/06/2016,2,E2.4.1,643.116,4,
20,07/06/2016,2,F2.2.3,650.821,2,
20,07/06/2016,2,F2.2.2,641.854,2,
20,07/06/2016,2,F2.2.1,649.897,2,
20,07/06/2016,1,1C12,2091.038,3,
20,07/06/2016,1,2B11,2308.221,4,
20,07/06/2016,1,2E1.2,2140.909,4,
20,07/06/2016,1,1F14,1902.372,2,
20,07/06/2016,2,E,671.672,,
20,07/06/2016,2,F,1056.943,,
20,07/06/2016,2,B,777.812,,
20,07/07/2016,1,A2.4.1,641.172,4,
20,07/07/2016,1,A.2.4.2,629.626,4,
20,07/07/2016,1,2A12,2507.067,4,
20,07/07/2016,1,A.2.4.3,621.826,4,
20,07/11/2016,1,A.2.4.1,869.829,4,
20,07/11/2016,1,A.2.4.2,840.527,4,
20,07/11/2016,1,A.2.4.3,873.768,4,
20,07/11/2016,1,2A12,2590.992,4,
20,07/11/2016,1,G.2.2.1,818.941,2,
20,07/11/2016,1,G.2.2.2,796.837,2,
20,07/11/2016,1,G.2.2.3,819.114,2,
20,07/11/2016,1,2G14,2266.164,2,
20,07/11/2016,1,K.2.2.3,680.746,2,
20,07/11/2016,,K.2.2.2,640.628,2,
20,07/11/2016,1,K.2.2.1,621.644,2,
20,07/11/2016,1,1K14,2175.825,2,
20,07/13/2016,1,1K14,2181.138,3,
20,07/13/2016,2,K.2.3.1,654.35,3,
20,07/13/2016,2,K.2.3.2,663.789,3,
20,07/13/2016,2,K.2.2.3,623.16,,
20,07/13/2016,2,G.2.3.1,688.954,,
20,07/13/2016,2,G.2.3.2,707.33,,
20,07/13/2016,1,2G14,2339.033,,
20,07/13/2016,1,2A11,2498.48,,
20,07/13/2016,2,V2.E,1776.944,,
20,07/13/2016,2,V2.F,2214.914,,
20,07/13/2016,2,V2.N,2116.446,,
20,07/13/2016,2,V2.L,1694.569,,
20,07/13/2016,2,V2.F.1.A,647.25,1,
20,07/13/2016,2,V2.F.1.B,652.587,1,
20,07/13/2016,2,V2.F.1.C,668.733,1,
20,07/13/2016,2,V2.E.1.A,651.414,1,
20,07/13/2016,2,V2.E.1.B,632.912,1,
20,07/13/2016,2,V2.E.1.C,640.917,1,
20,07/13/2016,2,V2.L.1.A,591.382,1,
20,07/13/2016,2,V2.L.1.B,571.724,1,
20,07/13/2016,2,V2.L.1.C,547.498,1,
20,07/13/2016,2,V2.N.1.A,605.375,1,
20,07/13/2016,2,V2.N.1.B,662.971,1,
20,07/13/2016,2,V2.N.1.C,610.593,1,
20,07/14/2016,2,V2.B.2.B,682.74,2,
20,07/14/2016,2,V2.B.C,492.212,2,
20,07/14/2016,2,V2.B,1875.019,2,
20,07/15/2016,2,A.1.A,709.406,1,
20,07/15/2016,2,A.1.B,637.549,1,
20,07/15/2016,2,A.1.C,608.212,1,
20,07/15/2016,2,A,2178.576,1,
20,07/15/2016,2,L,1875.717,1,
20,07/15/2016,2,L.1.A,574.309,1,
20,07/15/2016,2,L.1.B,580.385,1,
20,07/15/2016,2,L.1.C,597.543,1,
20,07/15/2016,1,G.2.4.1,688.903,4,
20,07/15/2016,1,G.2.4.2,706.704,4,
20,07/15/2016,1,G.2.4.3,700.135,4,
20,07/15/2016,1,2G14,2498.606,4,
20,07/17/2016,1,K.2.4.1,756.597,4,
20,07/17/2016,1,K.2.4.2,761.228,4,
20,07/17/2016,1,K.2.4.3,762.406,4,
20,07/17/2016,2,F,2364.076,1,
20,07/17/2016,2,F.1.A,792.659,1,
20,07/17/2016,2,F.1.B,808.854,1,
20,07/17/2016,2,F.1.C,777.318,1,
20,07/17/2016,2,N,2407.241,1,
20,07/17/2016,2,N.1.A,733.862,1,
20,07/17/2016,2,N.1.B,726.12,1,
20,07/17/2016,2,N.1.C,794.595,1,
20,07/17/2016,2,A,2152.845,2,
20,07/17/2016,2,G,934.195,,INITIAL SIZE
20,07/18/2016,2,L,2011.688,2,
20,07/19/2016,2,F,2468.559,2,
20,07/19/2016,2,B,2520.958,2,
20,07/19/2016,2,N,2510.064,2,
20,07/20/2016,2,L,2167.909,3,
20,07/20/2016,2,A,2653.179,3,
20,07/22/2016,2,F,2624.694,4,
20,07/22/2016,2,F.4.A,962.528,4,
20,07/22/2016,2,F.4.B,981.458,4,
20,07/22/2016,2,F.4.C,961.821,4,
20,07/22/2016,2,A,2750.916,4,
20,07/22/2016,2,A.4.A,676.894,4,
20,07/22/2016,2,A.4.B,669.32,4,
20,07/22/2016,2,A.4.C,657.151,4,
20,07/22/2016,2,B,2685.214,3,
20,07/23/2016,2,L,2343.901,4,
20,07/23/2016,2,L.4.A,823.208,4,
20,07/23/2016,2,L.4.B,642.496,4,
20,07/23/2016,2,L.4.C,857.071,4,
20,07/27/2016,2,K,1912.663,1,
20,07/27/2016,2,K.1.A,569.838,1,
20,07/27/2016,2,K.1.B,516.461,1,
20,07/27/2016,2,K.1.C,540.824,1,
20,07/27/2016,2,G,2394.311,1,
20,07/27/2016,2,G.1.A,627.727,1,
20,07/27/2016,2,G.1.B,646.842,1,
20,07/27/2016,2,G.1.C,647.088,1,
20,07/30/2016,2,B,2976.778,4,
20,07/30/2016,2,B.4.A,806.751,4,
20,07/30/2016,2,B.4.B,867.519,4,
20,07/30/2016,2,B.4.C,802.114,4,
20,07/30/2016,2,K,2278.045,2,
20,08/02/2016,2,K,2449.145,3,
20,08/02/2016,2,G,2497.342,2,
20,08/04/2016,2,K.4.A,734.515,4,
20,08/04/2016,2,K.4.B,692.61,4,
20,08/04/2016,2,K.4.C,657.486,4,
20,08/04/2016,2,K,2460.179,4,
20,08/05/2016,1,G,2492.483,3,
24,5/31/2016,2,D5,1725.952,,
24,5/31/2016,2,D3,1677.182,,
24,5/31/2016,2,D4,1656.628,,
24,5/31/2016,2,D2,1818.633,,
24,5/31/2016,2,D1,1827.48,,
24,5/31/2016,2,C6,1665.027,,
24,5/31/2016,2,C4,1625.917,,
24,5/31/2016,2,C3,1781.813,,
24,5/31/2016,2,C1,1748.2,,
24,5/31/2016,2,B6,1644.765,,
24,5/31/2016,2,B5,1629.28,,
24,5/31/2016,2,B4,1744.567,,
24,5/31/2016,2,B3,1714.174,,
24,5/31/2016,2,B2,1696.495,,
24,5/31/2016,2,B1,1898.198,,
24,5/31/2016,2,A6,1469.791,,
24,5/31/2016,2,A5,1293.868,,
24,6/1/2016,2,D6,1410.251,,
24,6/1/2016,2,D5,1399.374,,
24,6/1/2016,2,D4,1780.451,,
24,6/1/2016,2,D3,1346.271,,
24,6/1/2016,2,D2,1780.159,,
24,6/1/2016,2,C6,1688.255,,
24,6/1/2016,2,C5,1716.079,,
24,6/1/2016,2,C4,1766.713,,
24,6/1/2016,2,C3,1880.101,,
24,6/1/2016,2,C1,1715.516,,
24,6/1/2016,2,B6,1461.126,,
24,6/1/2016,2,B5,1895.492,,
24,6/1/2016,2,B4,1847.23,,
24,6/1/2016,2,B3,1989.387,,
24,6/1/2016,2,B2,1918.426,,
24,6/1/2016,2,B1,1856.407,,
24,6/1/2016,2,A6,1579.873,,
24,6/1/2016,2,A5,2083.075,,
24,6/29/2016,1,2G.1.5,830.741,,
24,6/30/2016,2,A.2.2.7,719.4,,
24,6/30/2016,2,A.2.2.6,728.923,,
24,6/30/2016,2,A.2.2.5,730.118,,
24,6/30/2016,2,A.2.2.4,725.961,,
24,6/30/2016,2,A.2.2.3,724.961,,
24,6/30/2016,2,A.2.2.2,738.686,,
24,6/30/2016,2,A.2.2.1,727.783,,
24,6/30/2016,1,2A.1.4,2265.58,,
24,07/01/2016,2,E.2.3.12,623.576,,
24,07/01/2016,2,E.2.3.11,578.399,,
24,07/01/2016,2,E.2.3.10,662.974,,
24,07/01/2016,2,E.2.3.9,640.767,,
24,07/01/2016,2,E.2.3.8,671.257,,
24,07/01/2016,2,E.2.3.7,619.006,,
24,07/01/2016,2,E.2.3.6,873.376,,
24,07/01/2016,2,E.2.3.5,659.452,,
24,07/01/2016,2,E.2.3.4,875.29,,
24,07/01/2016,2,E.2.3.3,652.59,,
24,07/01/2016,2,E.2.3.2,620.114,,
24,07/01/2016,2,E.2.3.1,867.983,,
24,07/01/2016,2,2.E.1.4,2061.913,,
24,07/01/2016,2,C2.2.10,664.665,,
24,07/01/2016,2,C.2.2.9,627.13,,
24,07/01/2016,2,C.2.2.8,653.524,,
24,07/01/2016,2,C.2.2.7,635.129,,
24,07/01/2016,2,C.2.2.6,644.426,,
24,07/01/2016,2,C.2.2.5,665.912,,
24,07/01/2016,2,C.2.2.4,652.971,,
24,07/01/2016,2,C.2.2.3,663.142,,
24,07/01/2016,2,C.2.2.2,665.022,,
24,07/01/2016,2,C.2.1.1,647.933,,
24,07/01/2016,1,1C.1.3,2022.651,,
24,07/02/2016,2,A.2.3.6,717.046,,
24,07/02/2016,2,A.2.3.5,690.496,,
24,07/02/2016,2,A.2.3.4,674.043,,
24,07/02/2016,2,A.2.3.3,705.05,,
24,07/02/2016,2,A.2.3.2,720.284,,
24,07/02/2016,2,A.2.3.1,721.165,,
24,07/02/2016,1,2.A.1.4,2421.574,,
24,07/02/2016,2,F.2.1.3,638.942,,
24,07/02/2016,2,F.2.1.2,670.426,,
24,07/02/2016,2,F.2.1.1,681.926,,
24,07/02/2016,1,1.F.1.3,2013.913,,
24,07/03/2016,2,2.3.3,613.231,,
24,07/03/2016,2,2.3.2,607.559,,
24,07/03/2016,2,C.2.3.1,583.788,,
24,07/03/2016,1,1.C.1.3,2100.174,,
24,07/04/2016,2,F.2.2.3,650.369,,
24,07/04/2016,2,F.2.2.2,663.631,,
24,07/04/2016,2,F.2.2.1,667.125,,
24,07/04/2016,2,A.2.4.3,693.305,,
24,07/04/2016,2,A.2.4.2,706.245,,
24,07/04/2016,2,A.2.4.1,674.03,,
24,07/04/2016,1,1.F.1.3,2110.037,,
24,07/04/2016,1,2A.1.4,2486.226,,
24,07/05/2016,2,L,732.192,,
24,07/05/2016,2,A,695.291,,
24,07/05/2016,1,2A1.2,2362.383,,
24,07/05/2016,2,C.2.4.3,616.608,4,
24,07/05/2016,2,C.2.4.2,587.211,4,
24,07/05/2016,2,C.2.4.1,585.163,4,
24,07/05/2016,1,1C1.3,2256.958,4,
24,07/05/2016,2,G.2.1.3,567.938,1,
24,07/05/2016,2,G2.1.2,637.457,1,
24,07/05/2016,2,G.2.1.1,786.497,1,
24,07/05/2016,1,2G1.5,1901.465,1,
24,07/06/2016,2,F2.3.3,651.303,3,
24,07/06/2016,2,F2.3.2,672.382,3,
24,07/06/2016,2,F2.3.1,650.634,3,
24,07/06/2016,1,2G15,1984.295,2,
24,07/06/2016,2,G2.2.3,590.442,2,
24,07/06/2016,2,G2.2.2,644.172,2,
24,07/06/2016,2,G2.2.1,636.198,2,
24,07/06/2016,2,E,660.422,,
24,07/06/2016,2,F,836.942,,
24,07/06/2016,2,B,784.35,,
24,07/11/2016,1,G.2.4.3,618.196,4,
24,07/11/2016,1,G.2.4.2,776.968,4,
24,07/11/2016,1,G.2.4.1,781.746,4,
24,07/11/2016,1,2G15,2173.067,,
24,07/11/2016,2,V2.F.1.A,642.709,1,
24,07/11/2016,2,V2.F.1.B,595.556,1,
24,07/11/2016,2,V2.F.1.C,628.202,1,
24,07/11/2016,2,V2.F,1982.991,1,
24,07/12/2016,2,V2.E,1899.974,,
24,07/12/2016,2,V2.N,2164.809,,
24,07/12/2016,2,V2.E.1.A,776.553,1,
24,07/12/2016,2,V2.E.1.B,713.21,1,
24,07/12/2016,2,V2.E.1.C,705.421,1,
24,07/12/2016,2,V2.N.1.A,769.076,1,
24,07/12/2016,2,V2.N.1.B,782.882,1,
24,07/12/2016,2,V2.N.1.C,839.17,1,
24,07/13/2016,2,V2.F,2173.088,2,
24,07/13/2016,2,V2.E,1941.143,,
24,07/13/2016,2,V2.F.2.A,615.866,2,
24,07/13/2016,2,V2.F.2.B,653.658,2,
24,07/13/2016,2,V2.F.2.C,663.5,2,
24,07/13/2016,2,V2.L,1744.941,1,
24,07/13/2016,2,V2.L.1.A,621.851,1,
24,07/13/2016,2,V2.L.1.B,602.218,1,
24,07/13/2016,2,V2.L.1.C,543.616,,
24,07/13/2016,2,V2.A,1854.054,,
24,07/13/2016,2,V2.A.1.A,605.13,1,
24,07/13/2016,2,V2.A.1.B,618.309,1,
24,07/13/2016,2,V2.A.1.C,619.055,1,
24,07/13/2016,2,V2.B,2041.427,1,
24,07/13/2016,2,V2.B.1.A,606.831,1,
24,07/13/2016,2,V2.B.1.B,794.858,1,
24,07/13/2016,2,V2.B.1.C,762.078,1,
24,07/14/2016,2,V2.E,1988.416,2,
24,07/14/2016,2,V2.E.2.A,609.839,2,
24,07/14/2016,2,V2.E.2.B,791.867,2,
24,07/14/2016,2,V2.E.2.C,822.954,2,
24,07/14/2016,2,V2.B.2.A,600.856,2,
24,07/15/2016,2,B.2.A,866.061,2,
24,07/15/2016,2,B.2.B,852.748,2,
24,07/15/2016,2,B.2.C,811.498,2,
24,07/15/2016,2,B,2175.511,2,
24,07/15/2016,2,F,2270.188,2,
24,07/15/2016,2,F.2.A,627.782,2,
24,07/15/2016,2,F.2.B,630.003,2,
24,07/15/2016,2,F.2.C,645.986,2,
24,07/17/2016,2,A,1984.839,,
24,07/17/2016,2,B,2360.917,,
24,07/17/2016,2,E,1964.738,,
24,07/17/2016,2,L,1940.239,,
24,07/17/2016,2,F,2393.659,,
24,07/17/2016,2,N,2390.092,1,
24,07/17/2016,2,N.1.A,1143.237,1,
24,07/17/2016,2,N.1.B,1009.163,1,
24,07/17/2016,2,N.1.C,1153.861,1,
24,07/17/2016,1,1K14,2356.139,,
24,07/17/2016,2,K,768.43,,INITIAL SIZE
24,07/17/2016,2,G,904.757,,INITIAL SIZE
24,07/18/2016,2,L,2172.003,3,
24,07/18/2016,2,N,2415.681,2,
24,07/18/2016,2,A,2124.901,3,
24,07/18/2016,2,B,2452.862,4,
24,07/18/2016,2,B.4.A,644.209,4,
24,07/18/2016,2,B.4.B,613.373,4,
24,07/18/2016,2,B.4.C,624.103,4,
24,07/19/2016,2,A,2330.235,4,
24,07/19/2016,2,A.4.A,666.279,4,
24,07/19/2016,2,A.4.B,662.458,4,
24,07/19/2016,2,A.4.C,630.19,4,
24,07/19/2016,2,F.4.A,640.414,4,
24,07/19/2016,2,F.4.B,645.051,4,
24,07/19/2016,2,F.4.C,623.716,4,
24,07/20/2016,2,L,2267.649,4,
24,07/20/2016,2,L.4.A,865.99,4,
24,07/20/2016,2,L.4.B,838.845,4,
24,07/20/2016,2,L.4.C,863.327,4,
24,07/20/2016,2,N,2550.536,3,
24,07/22/2016,2,N,2723.807,4,
24,07/22/2016,2,N.4.A,892.596,4,
24,07/22/2016,2,N.4.B,869.167,4,
24,07/22/2016,2,N.4.C,841.387,4,
,6/7/2016,,Julia,2090.489,,
,6/7/2016,,Kathryn ,2065.866,,
,6/7/2016,,Virginia ,2238.442,,
,6/7/2016,,Alice ,2179.747,,
,6/7/2016,,Jasmine ,2324.914,,
,6/13/2016,,Julia0.B4,2294.793,,
,6/13/2016,,Julia_clutch2_B3,757.199,,
,6/13/2016,,Meryl_clutch1_B2,1305..263,,
,6/13/2016,,Ronda_clutch1_B1,1484.688,,
,6/13/2016,,Julia_clutch1_A6,1602.227,,
,6/13/2016,,Sandy0_A5,2104.972,,
,6/13/2016,,Kathryn_clutch2_A4,554.666,,
,6/13/2016,,Virginia0_A3,2337.293,,
,6/13/2016,,Alice_clutch2_A2,1596.079,,
,6/13/2016,,Jasmine_A1,2448.702,,
,6/20/2016,,1Charlotte0,1957.47,,
,6/20/2016,,1Iris0,2428.175,,
,6/20/2016,,1Abigail0,2494.935,,
,6/22/2016,,1D13,845.991,,
,6/22/2016,,1D12,675.283,,
,6/22/2016,,1D11,877.577,,
,6/22/2016,,1D0,2512.341,,
,6/22/2016,,1J0,2589.498,,
,6/24/2016,,1C15,830.379,,
,6/24/2016,,1C14,789.782,,
,6/24/2016,,1C13,830.345,,
,6/24/2016,,1C12,863.652,,
,6/24/2016,,1C11,861.682,,
,6/27/2016,,1F.1.5,904.618,,
,6/27/2016,,1F.1.4,912.302,,
,6/27/2016,,1F.1.3,946.105,,
,6/27/2016,,1F.1.2,922.611,,
,6/27/2016,,1F.1.1,1022.545,,
,6/29/2016,,2E.1.2,1676.201,,
,6/29/2016,,E.2.2.6,659.891,,
,6/29/2016,,E.2.2.5,612.068,,
,6/29/2016,,E.2.2.4,671.4,,
,6/29/2016,,E.2.2.3,665.965,,
,6/29/2016,,E.2.2.2,683.161,,
,6/29/2016,,E.2.2.1,658.45,,
,6/29/2016,,E.2.1.11,873.084,,
,6/29/2016,,E.2.1.10,791.556,,
,6/29/2016,,E.2.1.9,1095.572,,
,6/29/2016,,E.2.1.8,1115.983,,
,6/29/2016,,E.2.1.7,1100.669,,
,6/29/2016,,E.2.1.6,996.717,,
,6/29/2016,,E.2.1.3,897.686,,
,6/29/2016,,E.2.1.2,993.538,,
,6/29/2016,,E.2.1.1,1067.792,,
,6/29/2016,,2E.1.4,2021.581,,
,6/29/2016,,E.2.1.4,1064.864,,
,6/29/2016,,E.2.1.5,1065.145,,
,6/29/2016,,A.2.1.7,821.261,,
,6/29/2016,,A.2.1.6,851.603,,
,6/29/2016,,A.2.1.5,817.98,,
,6/29/2016,,A2.1.4,858.501,,
,6/29/2016,,A.2.1.3,876.762,,
,6/29/2016,,A.2.1.2,855.144,,
,6/29/2016,,A.2.1.1,845.829,,
,6/29/2016,,2A.1.4,2122.906,,
,6/29/2016,,C.2.1.5,671.935,,
,6/29/2016,,C.2.1.4,646.724,,
,6/29/2016,,C.2.1.3,679.756,,
,6/29/2016,,C.2.1.2,667.641,,
,6/29/2016,,C.2.1.1,674.912,,
,6/29/2016,,1C.1.3,1867.21,,
,,1,1K1.5,624.78,,
,,1,Kathryn_CJ,2103.783,,
,,1,Jasmine_CJ,2208.794,,
,,1,Julia_CJ,2072.757,,
,,1,Virginia_CJ,2241.42,,
,,1,Alice_CJ,2074.594,,